Emotion,Video_ID,Gender
joy,dia2_utt2_enhanced.wav,male
joy,dia2_utt10_enhanced.wav,male
joy,dia2_utt12_enhanced.wav,male
joy,dia4_utt1_enhanced.wav,female
joy,dia4_utt8_enhanced.wav,female
joy,dia4_utt9_enhanced.wav,male
joy,dia4_utt10_enhanced.wav,female
joy,dia6_utt0_enhanced.wav,male
joy,dia6_utt2_enhanced.wav,male
joy,dia6_utt6_enhanced.wav,male
joy,dia8_utt4_enhanced.wav,male
joy,dia8_utt6_enhanced.wav,male
joy,dia9_utt3_enhanced.wav,male
joy,dia9_utt9_enhanced.wav,male
joy,dia11_utt3_enhanced.wav,male
joy,dia11_utt6_enhanced.wav,male
joy,dia11_utt7_enhanced.wav,male
joy,dia11_utt8_enhanced.wav,female
joy,dia11_utt9_enhanced.wav,female
joy,dia12_utt1_enhanced.wav,male
joy,dia13_utt0_enhanced.wav,female
joy,dia15_utt15_enhanced.wav,male
joy,dia15_utt21_enhanced.wav,male
joy,dia15_utt22_enhanced.wav,male
joy,dia16_utt0_enhanced.wav,male
joy,dia16_utt1_enhanced.wav,male
joy,dia17_utt1_enhanced.wav,male
joy,dia17_utt7_enhanced.wav,male
joy,dia17_utt8_enhanced.wav,female
joy,dia17_utt9_enhanced.wav,female
joy,dia17_utt10_enhanced.wav,female
joy,dia18_utt3_enhanced.wav,male
joy,dia18_utt5_enhanced.wav,male
joy,dia20_utt1_enhanced.wav,male
joy,dia20_utt2_enhanced.wav,female
joy,dia20_utt3_enhanced.wav,female
joy,dia20_utt4_enhanced.wav,female
joy,dia20_utt5_enhanced.wav,male
joy,dia20_utt6_enhanced.wav,male
joy,dia20_utt7_enhanced.wav,male
joy,dia20_utt12_enhanced.wav,male
joy,dia20_utt13_enhanced.wav,female
joy,dia20_utt14_enhanced.wav,male
joy,dia21_utt2_enhanced.wav,female
joy,dia21_utt13_enhanced.wav,female
joy,dia23_utt3_enhanced.wav,female
joy,dia24_utt3_enhanced.wav,male
joy,dia24_utt7_enhanced.wav,female
joy,dia25_utt0_enhanced.wav,female
joy,dia25_utt1_enhanced.wav,male
joy,dia25_utt2_enhanced.wav,male
joy,dia25_utt3_enhanced.wav,male
joy,dia26_utt5_enhanced.wav,male
joy,dia26_utt6_enhanced.wav,male
joy,dia26_utt7_enhanced.wav,female
joy,dia27_utt1_enhanced.wav,male
joy,dia28_utt3_enhanced.wav,male
joy,dia28_utt5_enhanced.wav,male
joy,dia29_utt1_enhanced.wav,female
joy,dia29_utt3_enhanced.wav,male
joy,dia30_utt1_enhanced.wav,male
joy,dia32_utt10_enhanced.wav,male
joy,dia32_utt11_enhanced.wav,male
joy,dia33_utt1_enhanced.wav,male
joy,dia33_utt8_enhanced.wav,male
joy,dia33_utt9_enhanced.wav,female
joy,dia34_utt3_enhanced.wav,male
joy,dia35_utt1_enhanced.wav,male
joy,dia35_utt2_enhanced.wav,female
joy,dia35_utt3_enhanced.wav,female
joy,dia35_utt4_enhanced.wav,female
joy,dia35_utt5_enhanced.wav,male
joy,dia37_utt1_enhanced.wav,male
joy,dia37_utt2_enhanced.wav,female
joy,dia38_utt2_enhanced.wav,male
joy,dia39_utt7_enhanced.wav,male
joy,dia40_utt6_enhanced.wav,male
joy,dia40_utt12_enhanced.wav,male
joy,dia46_utt0_enhanced.wav,female
joy,dia46_utt8_enhanced.wav,female
joy,dia46_utt9_enhanced.wav,female
joy,dia46_utt12_enhanced.wav,male
joy,dia46_utt14_enhanced.wav,female
joy,dia47_utt7_enhanced.wav,male
joy,dia47_utt15_enhanced.wav,male
joy,dia47_utt16_enhanced.wav,male
joy,dia49_utt3_enhanced.wav,female
joy,dia49_utt9_enhanced.wav,female
joy,dia50_utt0_enhanced.wav,male
joy,dia50_utt8_enhanced.wav,male
joy,dia52_utt1_enhanced.wav,female
joy,dia53_utt0_enhanced.wav,female
joy,dia53_utt1_enhanced.wav,female
joy,dia53_utt6_enhanced.wav,male
joy,dia53_utt8_enhanced.wav,male
joy,dia54_utt6_enhanced.wav,male
joy,dia54_utt9_enhanced.wav,female
joy,dia54_utt17_enhanced.wav,male
joy,dia54_utt18_enhanced.wav,female
joy,dia54_utt19_enhanced.wav,male
joy,dia54_utt20_enhanced.wav,female
joy,dia54_utt22_enhanced.wav,female
joy,dia55_utt0_enhanced.wav,male
joy,dia55_utt1_enhanced.wav,female
joy,dia55_utt5_enhanced.wav,female
joy,dia55_utt8_enhanced.wav,female
joy,dia55_utt9_enhanced.wav,male
joy,dia55_utt10_enhanced.wav,female
joy,dia55_utt11_enhanced.wav,male
joy,dia55_utt12_enhanced.wav,male
joy,dia55_utt13_enhanced.wav,male
joy,dia55_utt14_enhanced.wav,male
joy,dia55_utt15_enhanced.wav,male
joy,dia56_utt6_enhanced.wav,male
joy,dia59_utt1_enhanced.wav,male
joy,dia59_utt3_enhanced.wav,male
joy,dia59_utt4_enhanced.wav,male
joy,dia59_utt5_enhanced.wav,male
joy,dia59_utt6_enhanced.wav,male
joy,dia59_utt7_enhanced.wav,male
joy,dia59_utt8_enhanced.wav,male
joy,dia59_utt9_enhanced.wav,male
joy,dia61_utt1_enhanced.wav,male
joy,dia61_utt2_enhanced.wav,male
joy,dia61_utt6_enhanced.wav,male
joy,dia61_utt8_enhanced.wav,female
joy,dia62_utt1_enhanced.wav,male
joy,dia62_utt3_enhanced.wav,male
joy,dia62_utt5_enhanced.wav,male
joy,dia63_utt0_enhanced.wav,male
joy,dia63_utt2_enhanced.wav,male
joy,dia63_utt4_enhanced.wav,male
joy,dia64_utt5_enhanced.wav,female
joy,dia64_utt7_enhanced.wav,female
joy,dia64_utt8_enhanced.wav,male
joy,dia65_utt0_enhanced.wav,male
joy,dia65_utt3_enhanced.wav,male
joy,dia66_utt9_enhanced.wav,female
joy,dia66_utt10_enhanced.wav,female
joy,dia67_utt2_enhanced.wav,female
joy,dia67_utt5_enhanced.wav,female
joy,dia67_utt7_enhanced.wav,female
joy,dia67_utt8_enhanced.wav,female
joy,dia67_utt10_enhanced.wav,female
joy,dia67_utt11_enhanced.wav,male
joy,dia68_utt1_enhanced.wav,male
joy,dia69_utt0_enhanced.wav,male
joy,dia70_utt0_enhanced.wav,male
joy,dia73_utt1_enhanced.wav,male
joy,dia73_utt2_enhanced.wav,male
joy,dia74_utt0_enhanced.wav,male
joy,dia76_utt5_enhanced.wav,female
joy,dia76_utt6_enhanced.wav,male
joy,dia77_utt4_enhanced.wav,male
joy,dia78_utt0_enhanced.wav,male
joy,dia79_utt2_enhanced.wav,male
joy,dia80_utt1_enhanced.wav,male
joy,dia81_utt3_enhanced.wav,male
joy,dia81_utt6_enhanced.wav,female
joy,dia81_utt8_enhanced.wav,female
joy,dia86_utt10_enhanced.wav,female
joy,dia87_utt4_enhanced.wav,female
joy,dia87_utt7_enhanced.wav,male
joy,dia87_utt8_enhanced.wav,female
joy,dia87_utt9_enhanced.wav,male
joy,dia88_utt1_enhanced.wav,female
joy,dia89_utt2_enhanced.wav,female
joy,dia89_utt6_enhanced.wav,female
joy,dia89_utt7_enhanced.wav,female
joy,dia89_utt16_enhanced.wav,female
joy,dia94_utt10_enhanced.wav,female
joy,dia94_utt11_enhanced.wav,female
joy,dia94_utt13_enhanced.wav,female
joy,dia94_utt15_enhanced.wav,female
joy,dia95_utt0_enhanced.wav,female
joy,dia95_utt4_enhanced.wav,female
joy,dia95_utt5_enhanced.wav,female
joy,dia99_utt0_enhanced.wav,male
joy,dia99_utt1_enhanced.wav,female
joy,dia99_utt2_enhanced.wav,male
joy,dia99_utt3_enhanced.wav,female
joy,dia99_utt8_enhanced.wav,male
joy,dia99_utt13_enhanced.wav,male
joy,dia103_utt0_enhanced.wav,female
joy,dia103_utt3_enhanced.wav,male
joy,dia103_utt6_enhanced.wav,female
joy,dia103_utt7_enhanced.wav,male
joy,dia104_utt1_enhanced.wav,female
joy,dia107_utt5_enhanced.wav,male
joy,dia108_utt2_enhanced.wav,female
joy,dia108_utt4_enhanced.wav,female
joy,dia109_utt4_enhanced.wav,female
joy,dia109_utt5_enhanced.wav,female
joy,dia109_utt9_enhanced.wav,female
joy,dia109_utt21_enhanced.wav,female
joy,dia110_utt5_enhanced.wav,female
joy,dia111_utt0_enhanced.wav,male
joy,dia111_utt2_enhanced.wav,male
joy,dia113_utt8_enhanced.wav,male
joy,dia114_utt3_enhanced.wav,male
joy,dia114_utt4_enhanced.wav,male
joy,dia117_utt0_enhanced.wav,female
joy,dia117_utt2_enhanced.wav,female
joy,dia118_utt3_enhanced.wav,male
joy,dia118_utt5_enhanced.wav,male
joy,dia120_utt1_enhanced.wav,female
joy,dia121_utt1_enhanced.wav,female
joy,dia121_utt2_enhanced.wav,male
joy,dia122_utt7_enhanced.wav,female
joy,dia122_utt8_enhanced.wav,male
joy,dia124_utt0_enhanced.wav,male
joy,dia124_utt5_enhanced.wav,male
joy,dia124_utt6_enhanced.wav,male
joy,dia124_utt11_enhanced.wav,male
joy,dia125_utt0_enhanced.wav,female
joy,dia126_utt0_enhanced.wav,male
joy,dia126_utt2_enhanced.wav,male
joy,dia126_utt4_enhanced.wav,male
joy,dia128_utt2_enhanced.wav,female
joy,dia128_utt3_enhanced.wav,female
joy,dia128_utt4_enhanced.wav,female
joy,dia128_utt5_enhanced.wav,female
joy,dia128_utt7_enhanced.wav,female
joy,dia128_utt9_enhanced.wav,female
joy,dia129_utt0_enhanced.wav,female
joy,dia130_utt0_enhanced.wav,female
joy,dia130_utt17_enhanced.wav,female
joy,dia137_utt4_enhanced.wav,male
joy,dia137_utt6_enhanced.wav,male
joy,dia138_utt2_enhanced.wav,female
joy,dia138_utt10_enhanced.wav,female
joy,dia139_utt3_enhanced.wav,female
joy,dia139_utt5_enhanced.wav,female
joy,dia142_utt1_enhanced.wav,male
joy,dia143_utt3_enhanced.wav,female
joy,dia144_utt5_enhanced.wav,male
joy,dia145_utt14_enhanced.wav,female
joy,dia147_utt3_enhanced.wav,male
joy,dia147_utt5_enhanced.wav,male
joy,dia149_utt3_enhanced.wav,male
joy,dia151_utt0_enhanced.wav,female
joy,dia151_utt1_enhanced.wav,male
joy,dia151_utt2_enhanced.wav,female
joy,dia151_utt3_enhanced.wav,male
joy,dia151_utt9_enhanced.wav,male
joy,dia152_utt1_enhanced.wav,male
joy,dia153_utt1_enhanced.wav,male
joy,dia153_utt4_enhanced.wav,male
joy,dia154_utt0_enhanced.wav,female
joy,dia154_utt1_enhanced.wav,male
joy,dia155_utt2_enhanced.wav,female
joy,dia155_utt3_enhanced.wav,female
joy,dia155_utt4_enhanced.wav,male
joy,dia155_utt7_enhanced.wav,male
joy,dia155_utt9_enhanced.wav,male
joy,dia156_utt9_enhanced.wav,female
joy,dia157_utt0_enhanced.wav,female
joy,dia157_utt1_enhanced.wav,male
joy,dia157_utt2_enhanced.wav,female
joy,dia159_utt0_enhanced.wav,female
joy,dia159_utt2_enhanced.wav,female
joy,dia159_utt3_enhanced.wav,female
joy,dia159_utt5_enhanced.wav,female
joy,dia159_utt6_enhanced.wav,female
joy,dia159_utt7_enhanced.wav,female
joy,dia159_utt8_enhanced.wav,female
joy,dia160_utt1_enhanced.wav,female
joy,dia160_utt10_enhanced.wav,male
joy,dia160_utt12_enhanced.wav,male
joy,dia161_utt1_enhanced.wav,male
joy,dia164_utt8_enhanced.wav,female
joy,dia164_utt9_enhanced.wav,male
joy,dia165_utt1_enhanced.wav,male
joy,dia165_utt5_enhanced.wav,male
joy,dia165_utt7_enhanced.wav,male
joy,dia165_utt8_enhanced.wav,male
joy,dia165_utt16_enhanced.wav,male
joy,dia165_utt17_enhanced.wav,male
joy,dia165_utt18_enhanced.wav,male
joy,dia165_utt19_enhanced.wav,male
joy,dia167_utt0_enhanced.wav,female
joy,dia169_utt0_enhanced.wav,female
joy,dia169_utt1_enhanced.wav,female
joy,dia171_utt0_enhanced.wav,female
joy,dia172_utt3_enhanced.wav,male
joy,dia172_utt4_enhanced.wav,male
joy,dia172_utt8_enhanced.wav,male
joy,dia173_utt0_enhanced.wav,female
joy,dia173_utt2_enhanced.wav,female
joy,dia173_utt10_enhanced.wav,female
joy,dia174_utt0_enhanced.wav,male
joy,dia174_utt1_enhanced.wav,female
joy,dia174_utt2_enhanced.wav,male
joy,dia174_utt3_enhanced.wav,female
joy,dia175_utt1_enhanced.wav,female
joy,dia175_utt2_enhanced.wav,female
joy,dia176_utt10_enhanced.wav,male
joy,dia177_utt0_enhanced.wav,male
joy,dia177_utt4_enhanced.wav,male
joy,dia177_utt6_enhanced.wav,male
joy,dia177_utt7_enhanced.wav,male
joy,dia177_utt9_enhanced.wav,male
joy,dia178_utt0_enhanced.wav,female
joy,dia179_utt10_enhanced.wav,male
joy,dia180_utt0_enhanced.wav,female
joy,dia180_utt9_enhanced.wav,male
joy,dia180_utt14_enhanced.wav,male
joy,dia183_utt2_enhanced.wav,female
joy,dia183_utt5_enhanced.wav,male
joy,dia183_utt9_enhanced.wav,female
joy,dia183_utt12_enhanced.wav,male
joy,dia183_utt19_enhanced.wav,female
joy,dia184_utt0_enhanced.wav,female
joy,dia184_utt3_enhanced.wav,male
joy,dia184_utt4_enhanced.wav,female
joy,dia184_utt5_enhanced.wav,male
joy,dia184_utt9_enhanced.wav,female
joy,dia186_utt0_enhanced.wav,male
joy,dia186_utt1_enhanced.wav,female
joy,dia186_utt2_enhanced.wav,male
joy,dia186_utt3_enhanced.wav,female
joy,dia187_utt2_enhanced.wav,female
joy,dia187_utt9_enhanced.wav,female
joy,dia189_utt5_enhanced.wav,male
joy,dia189_utt14_enhanced.wav,male
joy,dia190_utt2_enhanced.wav,male
joy,dia190_utt4_enhanced.wav,female
joy,dia190_utt6_enhanced.wav,male
joy,dia191_utt3_enhanced.wav,female
joy,dia192_utt3_enhanced.wav,male
joy,dia192_utt4_enhanced.wav,male
joy,dia192_utt6_enhanced.wav,male
joy,dia193_utt1_enhanced.wav,female
joy,dia193_utt2_enhanced.wav,female
joy,dia194_utt1_enhanced.wav,female
joy,dia195_utt2_enhanced.wav,female
joy,dia195_utt4_enhanced.wav,male
joy,dia195_utt19_enhanced.wav,female
joy,dia197_utt0_enhanced.wav,male
joy,dia197_utt2_enhanced.wav,male
joy,dia197_utt4_enhanced.wav,male
joy,dia198_utt2_enhanced.wav,female
joy,dia198_utt6_enhanced.wav,female
joy,dia199_utt1_enhanced.wav,female
joy,dia199_utt2_enhanced.wav,female
joy,dia199_utt3_enhanced.wav,female
joy,dia200_utt7_enhanced.wav,male
joy,dia200_utt8_enhanced.wav,female
joy,dia200_utt9_enhanced.wav,male
joy,dia201_utt2_enhanced.wav,female
joy,dia201_utt8_enhanced.wav,female
joy,dia201_utt9_enhanced.wav,male
joy,dia202_utt0_enhanced.wav,female
joy,dia202_utt8_enhanced.wav,female
joy,dia203_utt0_enhanced.wav,male
joy,dia203_utt2_enhanced.wav,female
joy,dia203_utt3_enhanced.wav,male
joy,dia203_utt4_enhanced.wav,female
joy,dia204_utt0_enhanced.wav,female
joy,dia205_utt4_enhanced.wav,female
joy,dia205_utt6_enhanced.wav,male
joy,dia207_utt0_enhanced.wav,female
joy,dia207_utt10_enhanced.wav,female
joy,dia207_utt11_enhanced.wav,male
joy,dia207_utt13_enhanced.wav,female
joy,dia208_utt5_enhanced.wav,female
joy,dia208_utt9_enhanced.wav,male
joy,dia208_utt11_enhanced.wav,male
joy,dia210_utt6_enhanced.wav,male
joy,dia210_utt7_enhanced.wav,male
joy,dia210_utt8_enhanced.wav,male
joy,dia211_utt0_enhanced.wav,female
joy,dia211_utt2_enhanced.wav,male
joy,dia211_utt5_enhanced.wav,male
joy,dia211_utt10_enhanced.wav,female
joy,dia212_utt1_enhanced.wav,female
joy,dia213_utt2_enhanced.wav,male
joy,dia214_utt8_enhanced.wav,female
joy,dia215_utt0_enhanced.wav,female
joy,dia219_utt0_enhanced.wav,male
joy,dia219_utt3_enhanced.wav,male
joy,dia219_utt4_enhanced.wav,male
joy,dia220_utt1_enhanced.wav,female
joy,dia222_utt0_enhanced.wav,male
joy,dia222_utt3_enhanced.wav,male
joy,dia222_utt5_enhanced.wav,male
joy,dia222_utt8_enhanced.wav,male
joy,dia222_utt11_enhanced.wav,male
joy,dia222_utt12_enhanced.wav,male
joy,dia222_utt13_enhanced.wav,female
joy,dia224_utt4_enhanced.wav,male
joy,dia224_utt5_enhanced.wav,female
joy,dia225_utt2_enhanced.wav,female
joy,dia225_utt3_enhanced.wav,male
joy,dia225_utt6_enhanced.wav,female
joy,dia226_utt1_enhanced.wav,male
joy,dia226_utt9_enhanced.wav,male
joy,dia226_utt19_enhanced.wav,female
joy,dia226_utt21_enhanced.wav,female
joy,dia228_utt4_enhanced.wav,female
joy,dia228_utt5_enhanced.wav,male
joy,dia229_utt1_enhanced.wav,male
joy,dia230_utt1_enhanced.wav,male
joy,dia233_utt0_enhanced.wav,male
joy,dia234_utt1_enhanced.wav,female
joy,dia235_utt2_enhanced.wav,female
joy,dia235_utt3_enhanced.wav,female
joy,dia235_utt5_enhanced.wav,male
joy,dia236_utt0_enhanced.wav,female
joy,dia236_utt14_enhanced.wav,male
joy,dia239_utt2_enhanced.wav,female
joy,dia239_utt3_enhanced.wav,male
joy,dia239_utt6_enhanced.wav,male
joy,dia241_utt4_enhanced.wav,female
joy,dia241_utt10_enhanced.wav,female
joy,dia242_utt0_enhanced.wav,male
joy,dia243_utt0_enhanced.wav,male
joy,dia245_utt0_enhanced.wav,female
joy,dia245_utt1_enhanced.wav,female
joy,dia245_utt2_enhanced.wav,female
joy,dia245_utt3_enhanced.wav,female
joy,dia245_utt5_enhanced.wav,female
joy,dia245_utt7_enhanced.wav,female
joy,dia245_utt8_enhanced.wav,female
joy,dia246_utt0_enhanced.wav,male
joy,dia247_utt2_enhanced.wav,male
joy,dia248_utt3_enhanced.wav,female
joy,dia248_utt4_enhanced.wav,female
joy,dia248_utt6_enhanced.wav,female
joy,dia249_utt3_enhanced.wav,male
joy,dia249_utt7_enhanced.wav,male
joy,dia249_utt9_enhanced.wav,male
joy,dia249_utt10_enhanced.wav,male
joy,dia249_utt13_enhanced.wav,male
joy,dia250_utt1_enhanced.wav,male
joy,dia250_utt3_enhanced.wav,female
joy,dia252_utt14_enhanced.wav,male
joy,dia252_utt17_enhanced.wav,male
joy,dia253_utt1_enhanced.wav,male
joy,dia253_utt5_enhanced.wav,female
joy,dia253_utt8_enhanced.wav,female
joy,dia253_utt10_enhanced.wav,male
joy,dia254_utt8_enhanced.wav,female
joy,dia255_utt5_enhanced.wav,female
joy,dia255_utt7_enhanced.wav,female
joy,dia255_utt12_enhanced.wav,female
joy,dia256_utt7_enhanced.wav,female
joy,dia257_utt0_enhanced.wav,male
joy,dia258_utt0_enhanced.wav,male
joy,dia258_utt6_enhanced.wav,male
joy,dia261_utt3_enhanced.wav,female
joy,dia263_utt6_enhanced.wav,female
joy,dia263_utt8_enhanced.wav,male
joy,dia264_utt4_enhanced.wav,male
joy,dia264_utt15_enhanced.wav,male
joy,dia270_utt1_enhanced.wav,male
joy,dia270_utt2_enhanced.wav,male
joy,dia271_utt1_enhanced.wav,female
joy,dia271_utt2_enhanced.wav,female
joy,dia271_utt3_enhanced.wav,female
joy,dia271_utt4_enhanced.wav,female
joy,dia272_utt7_enhanced.wav,male
joy,dia273_utt13_enhanced.wav,female
joy,dia274_utt5_enhanced.wav,male
joy,dia274_utt9_enhanced.wav,male
joy,dia276_utt0_enhanced.wav,female
joy,dia278_utt1_enhanced.wav,female
joy,dia278_utt2_enhanced.wav,female
joy,dia278_utt5_enhanced.wav,female
joy,dia278_utt7_enhanced.wav,female
joy,dia278_utt8_enhanced.wav,female
joy,dia279_utt9_enhanced.wav,male
joy,dia279_utt11_enhanced.wav,male
joy,dia281_utt0_enhanced.wav,male
joy,dia281_utt1_enhanced.wav,female
joy,dia282_utt0_enhanced.wav,male
joy,dia282_utt2_enhanced.wav,male
joy,dia285_utt1_enhanced.wav,female
joy,dia285_utt3_enhanced.wav,female
joy,dia287_utt7_enhanced.wav,male
joy,dia287_utt12_enhanced.wav,male
joy,dia288_utt0_enhanced.wav,male
joy,dia288_utt7_enhanced.wav,male
joy,dia288_utt8_enhanced.wav,female
joy,dia288_utt15_enhanced.wav,male
joy,dia288_utt20_enhanced.wav,male
joy,dia293_utt8_enhanced.wav,male
joy,dia293_utt12_enhanced.wav,female
joy,dia294_utt0_enhanced.wav,male
joy,dia295_utt14_enhanced.wav,female
joy,dia296_utt11_enhanced.wav,male
joy,dia297_utt1_enhanced.wav,female
joy,dia297_utt4_enhanced.wav,female
joy,dia297_utt6_enhanced.wav,female
joy,dia297_utt8_enhanced.wav,female
joy,dia298_utt2_enhanced.wav,male
joy,dia300_utt0_enhanced.wav,male
joy,dia301_utt11_enhanced.wav,female
joy,dia305_utt0_enhanced.wav,male
joy,dia305_utt5_enhanced.wav,male
joy,dia305_utt12_enhanced.wav,male
joy,dia305_utt13_enhanced.wav,female
joy,dia305_utt14_enhanced.wav,male
joy,dia306_utt0_enhanced.wav,male
joy,dia306_utt1_enhanced.wav,male
joy,dia306_utt3_enhanced.wav,female
joy,dia306_utt5_enhanced.wav,female
joy,dia306_utt6_enhanced.wav,female
joy,dia307_utt1_enhanced.wav,female
joy,dia308_utt1_enhanced.wav,female
joy,dia309_utt0_enhanced.wav,female
joy,dia309_utt2_enhanced.wav,male
joy,dia310_utt2_enhanced.wav,female
joy,dia311_utt1_enhanced.wav,male
joy,dia311_utt2_enhanced.wav,male
joy,dia311_utt3_enhanced.wav,female
joy,dia311_utt5_enhanced.wav,female
joy,dia311_utt7_enhanced.wav,female
joy,dia313_utt3_enhanced.wav,male
joy,dia314_utt0_enhanced.wav,female
joy,dia314_utt1_enhanced.wav,female
joy,dia314_utt2_enhanced.wav,female
joy,dia314_utt4_enhanced.wav,female
joy,dia314_utt5_enhanced.wav,female
joy,dia314_utt9_enhanced.wav,female
joy,dia315_utt2_enhanced.wav,female
joy,dia315_utt3_enhanced.wav,male
joy,dia315_utt6_enhanced.wav,male
joy,dia315_utt7_enhanced.wav,female
joy,dia315_utt8_enhanced.wav,female
joy,dia315_utt9_enhanced.wav,male
joy,dia316_utt6_enhanced.wav,male
joy,dia317_utt1_enhanced.wav,female
joy,dia317_utt5_enhanced.wav,male
joy,dia317_utt6_enhanced.wav,male
joy,dia317_utt7_enhanced.wav,female
joy,dia319_utt1_enhanced.wav,female
joy,dia319_utt14_enhanced.wav,male
joy,dia319_utt17_enhanced.wav,female
joy,dia319_utt19_enhanced.wav,male
joy,dia319_utt20_enhanced.wav,male
joy,dia320_utt5_enhanced.wav,female
joy,dia320_utt17_enhanced.wav,female
joy,dia321_utt0_enhanced.wav,female
joy,dia321_utt1_enhanced.wav,male
joy,dia321_utt2_enhanced.wav,female
joy,dia321_utt7_enhanced.wav,male
joy,dia326_utt6_enhanced.wav,female
joy,dia327_utt4_enhanced.wav,female
joy,dia328_utt6_enhanced.wav,male
joy,dia328_utt7_enhanced.wav,female
joy,dia329_utt0_enhanced.wav,female
joy,dia329_utt3_enhanced.wav,female
joy,dia330_utt2_enhanced.wav,female
joy,dia331_utt8_enhanced.wav,female
joy,dia331_utt9_enhanced.wav,male
joy,dia332_utt5_enhanced.wav,female
joy,dia334_utt0_enhanced.wav,male
joy,dia335_utt1_enhanced.wav,male
joy,dia336_utt1_enhanced.wav,male
joy,dia336_utt15_enhanced.wav,male
joy,dia336_utt16_enhanced.wav,male
joy,dia336_utt17_enhanced.wav,male
joy,dia336_utt18_enhanced.wav,male
joy,dia336_utt21_enhanced.wav,male
joy,dia337_utt4_enhanced.wav,male
joy,dia337_utt5_enhanced.wav,male
joy,dia338_utt1_enhanced.wav,male
joy,dia338_utt4_enhanced.wav,female
joy,dia338_utt8_enhanced.wav,female
joy,dia339_utt4_enhanced.wav,male
joy,dia342_utt5_enhanced.wav,male
joy,dia342_utt7_enhanced.wav,male
joy,dia342_utt15_enhanced.wav,male
joy,dia342_utt17_enhanced.wav,male
joy,dia344_utt0_enhanced.wav,male
joy,dia344_utt6_enhanced.wav,female
joy,dia344_utt7_enhanced.wav,male
joy,dia344_utt11_enhanced.wav,male
joy,dia344_utt12_enhanced.wav,male
joy,dia345_utt2_enhanced.wav,female
joy,dia345_utt4_enhanced.wav,male
joy,dia346_utt0_enhanced.wav,male
joy,dia348_utt0_enhanced.wav,male
joy,dia348_utt1_enhanced.wav,male
joy,dia348_utt2_enhanced.wav,male
joy,dia349_utt0_enhanced.wav,male
joy,dia349_utt1_enhanced.wav,female
joy,dia349_utt2_enhanced.wav,female
joy,dia349_utt4_enhanced.wav,female
joy,dia349_utt5_enhanced.wav,female
joy,dia349_utt10_enhanced.wav,male
joy,dia350_utt1_enhanced.wav,female
joy,dia350_utt2_enhanced.wav,male
joy,dia350_utt3_enhanced.wav,female
joy,dia351_utt8_enhanced.wav,male
joy,dia351_utt11_enhanced.wav,male
joy,dia351_utt15_enhanced.wav,male
joy,dia352_utt2_enhanced.wav,male
joy,dia352_utt5_enhanced.wav,male
joy,dia354_utt8_enhanced.wav,male
joy,dia354_utt10_enhanced.wav,female
joy,dia355_utt3_enhanced.wav,male
joy,dia356_utt7_enhanced.wav,male
joy,dia356_utt13_enhanced.wav,male
joy,dia358_utt10_enhanced.wav,male
joy,dia359_utt4_enhanced.wav,female
joy,dia359_utt5_enhanced.wav,female
joy,dia361_utt6_enhanced.wav,male
joy,dia361_utt10_enhanced.wav,male
joy,dia361_utt11_enhanced.wav,male
joy,dia367_utt2_enhanced.wav,male
joy,dia367_utt8_enhanced.wav,male
joy,dia368_utt1_enhanced.wav,male
joy,dia370_utt1_enhanced.wav,male
joy,dia372_utt1_enhanced.wav,female
joy,dia372_utt2_enhanced.wav,male
joy,dia372_utt8_enhanced.wav,female
joy,dia372_utt10_enhanced.wav,female
joy,dia373_utt4_enhanced.wav,male
joy,dia374_utt0_enhanced.wav,female
joy,dia374_utt14_enhanced.wav,female
joy,dia375_utt0_enhanced.wav,male
joy,dia375_utt2_enhanced.wav,female
joy,dia375_utt3_enhanced.wav,male
joy,dia376_utt0_enhanced.wav,male
joy,dia376_utt1_enhanced.wav,male
joy,dia376_utt2_enhanced.wav,male
joy,dia380_utt4_enhanced.wav,male
joy,dia382_utt0_enhanced.wav,male
joy,dia382_utt2_enhanced.wav,male
joy,dia383_utt2_enhanced.wav,male
joy,dia384_utt4_enhanced.wav,female
joy,dia385_utt1_enhanced.wav,female
joy,dia386_utt0_enhanced.wav,female
joy,dia387_utt1_enhanced.wav,female
joy,dia387_utt3_enhanced.wav,male
joy,dia388_utt0_enhanced.wav,female
joy,dia388_utt12_enhanced.wav,male
joy,dia389_utt2_enhanced.wav,male
joy,dia389_utt6_enhanced.wav,female
joy,dia389_utt11_enhanced.wav,female
joy,dia389_utt12_enhanced.wav,male
joy,dia390_utt1_enhanced.wav,male
joy,dia392_utt0_enhanced.wav,male
joy,dia392_utt1_enhanced.wav,female
joy,dia392_utt2_enhanced.wav,female
joy,dia392_utt3_enhanced.wav,female
joy,dia392_utt4_enhanced.wav,male
joy,dia392_utt6_enhanced.wav,female
joy,dia392_utt8_enhanced.wav,female
joy,dia392_utt9_enhanced.wav,male
joy,dia392_utt12_enhanced.wav,female
joy,dia393_utt4_enhanced.wav,female
joy,dia393_utt5_enhanced.wav,male
joy,dia393_utt7_enhanced.wav,male
joy,dia395_utt3_enhanced.wav,male
joy,dia400_utt5_enhanced.wav,female
joy,dia401_utt7_enhanced.wav,female
joy,dia404_utt0_enhanced.wav,male
joy,dia404_utt1_enhanced.wav,male
joy,dia404_utt9_enhanced.wav,male
joy,dia404_utt10_enhanced.wav,male
joy,dia406_utt0_enhanced.wav,male
joy,dia406_utt1_enhanced.wav,female
joy,dia406_utt2_enhanced.wav,female
joy,dia406_utt3_enhanced.wav,male
joy,dia409_utt3_enhanced.wav,male
joy,dia410_utt3_enhanced.wav,male
joy,dia410_utt15_enhanced.wav,female
joy,dia411_utt3_enhanced.wav,female
joy,dia412_utt8_enhanced.wav,female
joy,dia414_utt7_enhanced.wav,female
joy,dia414_utt8_enhanced.wav,male
joy,dia420_utt0_enhanced.wav,female
joy,dia420_utt1_enhanced.wav,female
joy,dia420_utt2_enhanced.wav,female
joy,dia423_utt9_enhanced.wav,male
joy,dia423_utt10_enhanced.wav,male
joy,dia424_utt0_enhanced.wav,male
joy,dia424_utt14_enhanced.wav,male
joy,dia424_utt15_enhanced.wav,female
joy,dia424_utt16_enhanced.wav,male
joy,dia428_utt2_enhanced.wav,male
joy,dia429_utt4_enhanced.wav,female
joy,dia431_utt0_enhanced.wav,male
joy,dia431_utt5_enhanced.wav,male
joy,dia431_utt7_enhanced.wav,female
joy,dia431_utt8_enhanced.wav,male
joy,dia434_utt6_enhanced.wav,male
joy,dia434_utt7_enhanced.wav,male
joy,dia435_utt1_enhanced.wav,female
joy,dia435_utt2_enhanced.wav,female
joy,dia435_utt6_enhanced.wav,female
joy,dia435_utt7_enhanced.wav,female
joy,dia435_utt8_enhanced.wav,female
joy,dia436_utt0_enhanced.wav,male
joy,dia438_utt9_enhanced.wav,male
joy,dia438_utt12_enhanced.wav,female
joy,dia439_utt3_enhanced.wav,female
joy,dia439_utt5_enhanced.wav,female
joy,dia440_utt2_enhanced.wav,female
joy,dia441_utt3_enhanced.wav,female
joy,dia442_utt0_enhanced.wav,male
joy,dia443_utt0_enhanced.wav,female
joy,dia445_utt8_enhanced.wav,female
joy,dia446_utt12_enhanced.wav,female
joy,dia446_utt13_enhanced.wav,female
joy,dia447_utt2_enhanced.wav,male
joy,dia448_utt7_enhanced.wav,female
joy,dia449_utt4_enhanced.wav,male
joy,dia449_utt8_enhanced.wav,female
joy,dia449_utt11_enhanced.wav,male
joy,dia450_utt9_enhanced.wav,female
joy,dia450_utt10_enhanced.wav,female
joy,dia450_utt11_enhanced.wav,female
joy,dia451_utt2_enhanced.wav,female
joy,dia455_utt10_enhanced.wav,female
joy,dia455_utt13_enhanced.wav,female
joy,dia456_utt0_enhanced.wav,female
joy,dia457_utt6_enhanced.wav,male
joy,dia459_utt2_enhanced.wav,male
joy,dia460_utt3_enhanced.wav,male
joy,dia463_utt0_enhanced.wav,male
joy,dia463_utt9_enhanced.wav,female
joy,dia464_utt5_enhanced.wav,female
joy,dia464_utt6_enhanced.wav,male
joy,dia464_utt11_enhanced.wav,female
joy,dia464_utt14_enhanced.wav,male
joy,dia464_utt16_enhanced.wav,male
joy,dia466_utt1_enhanced.wav,male
joy,dia466_utt6_enhanced.wav,male
joy,dia467_utt0_enhanced.wav,female
joy,dia468_utt3_enhanced.wav,female
joy,dia468_utt4_enhanced.wav,female
joy,dia468_utt5_enhanced.wav,female
joy,dia468_utt6_enhanced.wav,female
joy,dia468_utt8_enhanced.wav,female
joy,dia469_utt1_enhanced.wav,male
joy,dia471_utt4_enhanced.wav,male
joy,dia474_utt0_enhanced.wav,female
joy,dia474_utt2_enhanced.wav,female
joy,dia474_utt11_enhanced.wav,female
joy,dia474_utt12_enhanced.wav,female
joy,dia474_utt14_enhanced.wav,female
joy,dia474_utt15_enhanced.wav,female
joy,dia474_utt17_enhanced.wav,female
joy,dia475_utt3_enhanced.wav,female
joy,dia475_utt7_enhanced.wav,female
joy,dia477_utt5_enhanced.wav,male
joy,dia477_utt7_enhanced.wav,male
joy,dia477_utt9_enhanced.wav,male
joy,dia477_utt13_enhanced.wav,male
joy,dia478_utt2_enhanced.wav,female
joy,dia478_utt13_enhanced.wav,male
joy,dia479_utt0_enhanced.wav,male
joy,dia480_utt0_enhanced.wav,male
joy,dia480_utt1_enhanced.wav,male
joy,dia481_utt1_enhanced.wav,male
joy,dia481_utt2_enhanced.wav,female
joy,dia482_utt15_enhanced.wav,female
joy,dia482_utt17_enhanced.wav,male
joy,dia485_utt0_enhanced.wav,female
joy,dia486_utt17_enhanced.wav,male
joy,dia488_utt0_enhanced.wav,male
joy,dia489_utt0_enhanced.wav,female
joy,dia489_utt1_enhanced.wav,male
joy,dia492_utt0_enhanced.wav,female
joy,dia493_utt7_enhanced.wav,female
joy,dia493_utt9_enhanced.wav,female
joy,dia496_utt13_enhanced.wav,female
joy,dia498_utt2_enhanced.wav,female
joy,dia499_utt0_enhanced.wav,female
joy,dia499_utt1_enhanced.wav,female
joy,dia499_utt3_enhanced.wav,female
joy,dia499_utt8_enhanced.wav,female
joy,dia499_utt15_enhanced.wav,female
joy,dia499_utt17_enhanced.wav,female
joy,dia500_utt1_enhanced.wav,male
joy,dia501_utt1_enhanced.wav,female
joy,dia501_utt2_enhanced.wav,male
joy,dia501_utt3_enhanced.wav,female
joy,dia501_utt4_enhanced.wav,male
joy,dia502_utt0_enhanced.wav,female
joy,dia502_utt2_enhanced.wav,female
joy,dia503_utt1_enhanced.wav,male
joy,dia503_utt3_enhanced.wav,male
joy,dia503_utt4_enhanced.wav,female
joy,dia503_utt5_enhanced.wav,male
joy,dia503_utt7_enhanced.wav,female
joy,dia503_utt8_enhanced.wav,male
joy,dia503_utt12_enhanced.wav,male
joy,dia504_utt0_enhanced.wav,male
joy,dia504_utt1_enhanced.wav,female
joy,dia504_utt8_enhanced.wav,male
joy,dia507_utt1_enhanced.wav,female
joy,dia507_utt10_enhanced.wav,female
joy,dia507_utt12_enhanced.wav,female
joy,dia507_utt13_enhanced.wav,female
joy,dia508_utt3_enhanced.wav,female
joy,dia510_utt1_enhanced.wav,female
joy,dia512_utt0_enhanced.wav,male
joy,dia512_utt1_enhanced.wav,female
joy,dia512_utt7_enhanced.wav,female
joy,dia514_utt0_enhanced.wav,male
joy,dia516_utt1_enhanced.wav,male
joy,dia516_utt3_enhanced.wav,female
joy,dia516_utt4_enhanced.wav,male
joy,dia517_utt1_enhanced.wav,female
joy,dia517_utt3_enhanced.wav,female
joy,dia517_utt4_enhanced.wav,female
joy,dia517_utt6_enhanced.wav,female
joy,dia518_utt7_enhanced.wav,male
joy,dia519_utt4_enhanced.wav,female
joy,dia522_utt2_enhanced.wav,female
joy,dia522_utt6_enhanced.wav,female
joy,dia523_utt1_enhanced.wav,female
joy,dia523_utt5_enhanced.wav,male
joy,dia523_utt7_enhanced.wav,female
joy,dia523_utt9_enhanced.wav,male
joy,dia523_utt10_enhanced.wav,male
joy,dia523_utt11_enhanced.wav,male
joy,dia523_utt23_enhanced.wav,male
joy,dia526_utt0_enhanced.wav,male
joy,dia526_utt4_enhanced.wav,male
joy,dia526_utt5_enhanced.wav,male
joy,dia526_utt12_enhanced.wav,male
joy,dia527_utt1_enhanced.wav,female
joy,dia527_utt4_enhanced.wav,male
joy,dia532_utt5_enhanced.wav,male
joy,dia533_utt4_enhanced.wav,male
joy,dia533_utt5_enhanced.wav,female
joy,dia534_utt2_enhanced.wav,female
joy,dia535_utt1_enhanced.wav,male
joy,dia536_utt9_enhanced.wav,female
joy,dia537_utt2_enhanced.wav,male
joy,dia538_utt4_enhanced.wav,female
joy,dia538_utt5_enhanced.wav,female
joy,dia538_utt6_enhanced.wav,female
joy,dia538_utt7_enhanced.wav,male
joy,dia538_utt8_enhanced.wav,female
joy,dia539_utt4_enhanced.wav,female
joy,dia541_utt0_enhanced.wav,male
joy,dia541_utt1_enhanced.wav,female
joy,dia541_utt5_enhanced.wav,female
joy,dia541_utt7_enhanced.wav,male
joy,dia541_utt8_enhanced.wav,female
joy,dia541_utt9_enhanced.wav,male
joy,dia541_utt10_enhanced.wav,male
joy,dia541_utt14_enhanced.wav,male
joy,dia541_utt19_enhanced.wav,female
joy,dia542_utt4_enhanced.wav,female
joy,dia544_utt3_enhanced.wav,female
joy,dia545_utt5_enhanced.wav,female
joy,dia546_utt13_enhanced.wav,female
joy,dia547_utt2_enhanced.wav,female
joy,dia548_utt0_enhanced.wav,male
joy,dia548_utt2_enhanced.wav,female
joy,dia548_utt3_enhanced.wav,male
joy,dia548_utt4_enhanced.wav,male
joy,dia549_utt0_enhanced.wav,male
joy,dia549_utt9_enhanced.wav,female
joy,dia551_utt1_enhanced.wav,female
joy,dia551_utt3_enhanced.wav,female
joy,dia551_utt5_enhanced.wav,female
joy,dia553_utt6_enhanced.wav,male
joy,dia553_utt7_enhanced.wav,female
joy,dia553_utt8_enhanced.wav,male
joy,dia553_utt17_enhanced.wav,male
joy,dia555_utt1_enhanced.wav,male
joy,dia557_utt5_enhanced.wav,male
joy,dia557_utt6_enhanced.wav,female
joy,dia558_utt0_enhanced.wav,female
joy,dia558_utt2_enhanced.wav,female
joy,dia560_utt0_enhanced.wav,female
joy,dia560_utt1_enhanced.wav,male
joy,dia560_utt2_enhanced.wav,female
joy,dia560_utt3_enhanced.wav,male
joy,dia560_utt4_enhanced.wav,female
joy,dia560_utt5_enhanced.wav,male
joy,dia560_utt6_enhanced.wav,male
joy,dia560_utt7_enhanced.wav,male
joy,dia561_utt1_enhanced.wav,female
joy,dia562_utt0_enhanced.wav,male
joy,dia562_utt1_enhanced.wav,female
joy,dia562_utt3_enhanced.wav,male
joy,dia562_utt7_enhanced.wav,male
joy,dia562_utt9_enhanced.wav,female
joy,dia562_utt10_enhanced.wav,male
joy,dia563_utt7_enhanced.wav,female
joy,dia563_utt8_enhanced.wav,female
joy,dia564_utt0_enhanced.wav,female
joy,dia564_utt2_enhanced.wav,female
joy,dia564_utt3_enhanced.wav,female
joy,dia565_utt4_enhanced.wav,female
joy,dia566_utt1_enhanced.wav,male
joy,dia570_utt2_enhanced.wav,female
joy,dia571_utt10_enhanced.wav,female
joy,dia573_utt1_enhanced.wav,female
joy,dia573_utt3_enhanced.wav,female
joy,dia573_utt5_enhanced.wav,female
joy,dia573_utt6_enhanced.wav,female
joy,dia573_utt7_enhanced.wav,female
joy,dia573_utt9_enhanced.wav,female
joy,dia574_utt8_enhanced.wav,female
joy,dia574_utt17_enhanced.wav,male
joy,dia576_utt7_enhanced.wav,male
joy,dia577_utt5_enhanced.wav,male
joy,dia577_utt7_enhanced.wav,male
joy,dia578_utt9_enhanced.wav,male
joy,dia579_utt1_enhanced.wav,male
joy,dia584_utt0_enhanced.wav,male
joy,dia584_utt2_enhanced.wav,male
joy,dia584_utt7_enhanced.wav,female
joy,dia585_utt9_enhanced.wav,male
joy,dia587_utt1_enhanced.wav,male
joy,dia587_utt3_enhanced.wav,male
joy,dia587_utt5_enhanced.wav,male
joy,dia589_utt4_enhanced.wav,male
joy,dia589_utt8_enhanced.wav,male
joy,dia589_utt9_enhanced.wav,male
joy,dia590_utt0_enhanced.wav,male
joy,dia590_utt1_enhanced.wav,female
joy,dia590_utt4_enhanced.wav,female
joy,dia593_utt2_enhanced.wav,female
joy,dia594_utt8_enhanced.wav,female
joy,dia594_utt10_enhanced.wav,male
joy,dia597_utt0_enhanced.wav,female
joy,dia597_utt1_enhanced.wav,male
joy,dia597_utt6_enhanced.wav,female
joy,dia597_utt8_enhanced.wav,female
joy,dia598_utt0_enhanced.wav,male
joy,dia598_utt1_enhanced.wav,male
joy,dia599_utt6_enhanced.wav,female
joy,dia599_utt7_enhanced.wav,female
joy,dia599_utt9_enhanced.wav,female
joy,dia599_utt15_enhanced.wav,male
joy,dia600_utt1_enhanced.wav,male
joy,dia601_utt2_enhanced.wav,female
joy,dia601_utt3_enhanced.wav,female
joy,dia601_utt4_enhanced.wav,female
joy,dia601_utt5_enhanced.wav,male
joy,dia602_utt0_enhanced.wav,female
joy,dia602_utt1_enhanced.wav,female
joy,dia602_utt2_enhanced.wav,female
joy,dia602_utt3_enhanced.wav,female
joy,dia603_utt2_enhanced.wav,male
joy,dia603_utt3_enhanced.wav,female
joy,dia603_utt7_enhanced.wav,female
joy,dia603_utt10_enhanced.wav,male
joy,dia604_utt0_enhanced.wav,female
joy,dia604_utt1_enhanced.wav,female
joy,dia604_utt8_enhanced.wav,male
joy,dia605_utt3_enhanced.wav,female
joy,dia605_utt4_enhanced.wav,male
joy,dia606_utt4_enhanced.wav,male
joy,dia607_utt7_enhanced.wav,male
joy,dia607_utt12_enhanced.wav,male
joy,dia607_utt13_enhanced.wav,female
joy,dia608_utt6_enhanced.wav,male
joy,dia608_utt7_enhanced.wav,male
joy,dia610_utt0_enhanced.wav,female
joy,dia610_utt1_enhanced.wav,male
joy,dia610_utt4_enhanced.wav,male
joy,dia610_utt6_enhanced.wav,male
joy,dia610_utt7_enhanced.wav,male
joy,dia611_utt10_enhanced.wav,female
joy,dia612_utt0_enhanced.wav,male
joy,dia614_utt1_enhanced.wav,female
joy,dia614_utt2_enhanced.wav,female
joy,dia614_utt8_enhanced.wav,female
joy,dia614_utt10_enhanced.wav,female
joy,dia614_utt13_enhanced.wav,female
joy,dia614_utt14_enhanced.wav,female
joy,dia614_utt16_enhanced.wav,female
joy,dia614_utt17_enhanced.wav,female
joy,dia614_utt18_enhanced.wav,female
joy,dia614_utt20_enhanced.wav,female
joy,dia615_utt20_enhanced.wav,female
joy,dia618_utt0_enhanced.wav,female
joy,dia618_utt1_enhanced.wav,female
joy,dia622_utt13_enhanced.wav,female
joy,dia623_utt4_enhanced.wav,male
joy,dia623_utt5_enhanced.wav,male
joy,dia623_utt7_enhanced.wav,male
joy,dia623_utt8_enhanced.wav,male
joy,dia623_utt9_enhanced.wav,male
joy,dia623_utt10_enhanced.wav,male
joy,dia623_utt12_enhanced.wav,male
joy,dia623_utt13_enhanced.wav,male
joy,dia623_utt17_enhanced.wav,male
joy,dia623_utt18_enhanced.wav,male
joy,dia625_utt4_enhanced.wav,male
joy,dia626_utt3_enhanced.wav,female
joy,dia628_utt13_enhanced.wav,male
joy,dia629_utt1_enhanced.wav,male
joy,dia629_utt2_enhanced.wav,male
joy,dia629_utt3_enhanced.wav,male
joy,dia629_utt4_enhanced.wav,male
joy,dia629_utt5_enhanced.wav,female
joy,dia629_utt6_enhanced.wav,female
joy,dia629_utt8_enhanced.wav,male
joy,dia630_utt0_enhanced.wav,female
joy,dia630_utt1_enhanced.wav,female
joy,dia630_utt5_enhanced.wav,female
joy,dia630_utt6_enhanced.wav,female
joy,dia633_utt1_enhanced.wav,female
joy,dia633_utt3_enhanced.wav,female
joy,dia633_utt4_enhanced.wav,female
joy,dia633_utt5_enhanced.wav,female
joy,dia636_utt0_enhanced.wav,female
joy,dia636_utt2_enhanced.wav,female
joy,dia636_utt5_enhanced.wav,female
joy,dia637_utt0_enhanced.wav,male
joy,dia638_utt3_enhanced.wav,male
joy,dia638_utt8_enhanced.wav,female
joy,dia639_utt1_enhanced.wav,female
joy,dia640_utt0_enhanced.wav,male
joy,dia640_utt1_enhanced.wav,female
joy,dia640_utt5_enhanced.wav,female
joy,dia640_utt8_enhanced.wav,female
joy,dia640_utt9_enhanced.wav,female
joy,dia640_utt11_enhanced.wav,female
joy,dia640_utt15_enhanced.wav,female
joy,dia644_utt5_enhanced.wav,male
joy,dia644_utt8_enhanced.wav,male
joy,dia645_utt1_enhanced.wav,female
joy,dia645_utt13_enhanced.wav,male
joy,dia646_utt1_enhanced.wav,female
joy,dia646_utt3_enhanced.wav,female
joy,dia646_utt4_enhanced.wav,female
joy,dia646_utt5_enhanced.wav,female
joy,dia646_utt8_enhanced.wav,male
joy,dia646_utt17_enhanced.wav,female
joy,dia646_utt19_enhanced.wav,female
joy,dia646_utt21_enhanced.wav,female
joy,dia649_utt2_enhanced.wav,female
joy,dia649_utt3_enhanced.wav,male
joy,dia649_utt7_enhanced.wav,male
joy,dia649_utt8_enhanced.wav,female
joy,dia649_utt9_enhanced.wav,female
joy,dia649_utt19_enhanced.wav,male
joy,dia650_utt2_enhanced.wav,female
joy,dia650_utt8_enhanced.wav,female
joy,dia652_utt5_enhanced.wav,male
joy,dia652_utt6_enhanced.wav,male
joy,dia652_utt7_enhanced.wav,male
joy,dia652_utt8_enhanced.wav,female
joy,dia652_utt10_enhanced.wav,female
joy,dia652_utt14_enhanced.wav,female
joy,dia653_utt2_enhanced.wav,male
joy,dia654_utt8_enhanced.wav,male
joy,dia655_utt4_enhanced.wav,female
joy,dia655_utt8_enhanced.wav,female
joy,dia655_utt11_enhanced.wav,male
joy,dia655_utt12_enhanced.wav,male
joy,dia655_utt13_enhanced.wav,male
joy,dia655_utt14_enhanced.wav,female
joy,dia655_utt15_enhanced.wav,male
joy,dia656_utt0_enhanced.wav,female
joy,dia657_utt0_enhanced.wav,female
joy,dia657_utt3_enhanced.wav,female
joy,dia657_utt4_enhanced.wav,female
joy,dia657_utt7_enhanced.wav,female
joy,dia657_utt12_enhanced.wav,female
joy,dia657_utt15_enhanced.wav,female
joy,dia658_utt2_enhanced.wav,male
joy,dia658_utt6_enhanced.wav,male
joy,dia659_utt13_enhanced.wav,male
joy,dia659_utt19_enhanced.wav,male
joy,dia660_utt7_enhanced.wav,female
joy,dia660_utt9_enhanced.wav,female
joy,dia660_utt10_enhanced.wav,female
joy,dia663_utt0_enhanced.wav,male
joy,dia663_utt2_enhanced.wav,male
joy,dia663_utt3_enhanced.wav,female
joy,dia665_utt1_enhanced.wav,female
joy,dia666_utt15_enhanced.wav,female
joy,dia667_utt0_enhanced.wav,female
joy,dia667_utt1_enhanced.wav,male
joy,dia667_utt4_enhanced.wav,female
joy,dia667_utt6_enhanced.wav,female
joy,dia668_utt0_enhanced.wav,male
joy,dia669_utt1_enhanced.wav,female
joy,dia669_utt2_enhanced.wav,female
joy,dia670_utt0_enhanced.wav,male
joy,dia670_utt4_enhanced.wav,female
joy,dia670_utt8_enhanced.wav,female
joy,dia670_utt10_enhanced.wav,female
joy,dia670_utt11_enhanced.wav,female
joy,dia670_utt13_enhanced.wav,female
joy,dia671_utt9_enhanced.wav,male
joy,dia672_utt2_enhanced.wav,male
joy,dia672_utt5_enhanced.wav,male
joy,dia672_utt6_enhanced.wav,male
joy,dia672_utt14_enhanced.wav,female
joy,dia672_utt15_enhanced.wav,male
joy,dia675_utt1_enhanced.wav,female
joy,dia677_utt2_enhanced.wav,male
joy,dia678_utt4_enhanced.wav,male
joy,dia678_utt9_enhanced.wav,female
joy,dia678_utt12_enhanced.wav,male
joy,dia678_utt15_enhanced.wav,female
joy,dia679_utt2_enhanced.wav,female
joy,dia679_utt3_enhanced.wav,male
joy,dia679_utt7_enhanced.wav,male
joy,dia679_utt9_enhanced.wav,male
joy,dia679_utt10_enhanced.wav,male
joy,dia680_utt0_enhanced.wav,female
joy,dia680_utt3_enhanced.wav,female
joy,dia680_utt8_enhanced.wav,female
joy,dia680_utt9_enhanced.wav,female
joy,dia680_utt10_enhanced.wav,female
joy,dia682_utt5_enhanced.wav,female
joy,dia682_utt6_enhanced.wav,female
joy,dia682_utt8_enhanced.wav,female
joy,dia683_utt0_enhanced.wav,male
joy,dia686_utt7_enhanced.wav,female
joy,dia686_utt9_enhanced.wav,female
joy,dia689_utt1_enhanced.wav,male
joy,dia689_utt7_enhanced.wav,female
joy,dia689_utt8_enhanced.wav,male
joy,dia689_utt9_enhanced.wav,female
joy,dia690_utt1_enhanced.wav,female
joy,dia690_utt2_enhanced.wav,female
joy,dia690_utt3_enhanced.wav,female
joy,dia691_utt0_enhanced.wav,male
joy,dia694_utt0_enhanced.wav,male
joy,dia695_utt2_enhanced.wav,female
joy,dia695_utt4_enhanced.wav,male
joy,dia695_utt6_enhanced.wav,female
joy,dia697_utt0_enhanced.wav,female
joy,dia697_utt2_enhanced.wav,female
joy,dia697_utt4_enhanced.wav,female
joy,dia702_utt0_enhanced.wav,male
joy,dia705_utt2_enhanced.wav,female
joy,dia705_utt3_enhanced.wav,female
joy,dia705_utt5_enhanced.wav,female
joy,dia705_utt6_enhanced.wav,female
joy,dia705_utt7_enhanced.wav,female
joy,dia706_utt1_enhanced.wav,male
joy,dia706_utt5_enhanced.wav,male
joy,dia706_utt6_enhanced.wav,male
joy,dia706_utt8_enhanced.wav,male
joy,dia706_utt9_enhanced.wav,female
joy,dia706_utt10_enhanced.wav,female
joy,dia707_utt13_enhanced.wav,male
joy,dia709_utt0_enhanced.wav,male
joy,dia709_utt1_enhanced.wav,male
joy,dia710_utt0_enhanced.wav,male
joy,dia711_utt0_enhanced.wav,female
joy,dia712_utt0_enhanced.wav,male
joy,dia712_utt1_enhanced.wav,male
joy,dia712_utt5_enhanced.wav,male
joy,dia712_utt7_enhanced.wav,male
joy,dia712_utt9_enhanced.wav,male
joy,dia712_utt10_enhanced.wav,male
joy,dia713_utt2_enhanced.wav,female
joy,dia714_utt1_enhanced.wav,male
joy,dia718_utt4_enhanced.wav,male
joy,dia719_utt0_enhanced.wav,male
joy,dia719_utt2_enhanced.wav,female
joy,dia719_utt6_enhanced.wav,male
joy,dia719_utt7_enhanced.wav,male
joy,dia720_utt3_enhanced.wav,male
joy,dia720_utt16_enhanced.wav,male
joy,dia722_utt3_enhanced.wav,male
joy,dia722_utt4_enhanced.wav,male
joy,dia722_utt9_enhanced.wav,male
joy,dia722_utt12_enhanced.wav,male
joy,dia722_utt16_enhanced.wav,male
joy,dia723_utt0_enhanced.wav,male
joy,dia723_utt1_enhanced.wav,female
joy,dia723_utt3_enhanced.wav,male
joy,dia723_utt4_enhanced.wav,male
joy,dia725_utt0_enhanced.wav,male
joy,dia725_utt1_enhanced.wav,male
joy,dia725_utt2_enhanced.wav,male
joy,dia725_utt3_enhanced.wav,female
joy,dia725_utt6_enhanced.wav,male
joy,dia726_utt2_enhanced.wav,female
joy,dia726_utt6_enhanced.wav,female
joy,dia727_utt0_enhanced.wav,male
joy,dia729_utt1_enhanced.wav,male
joy,dia730_utt8_enhanced.wav,male
joy,dia733_utt0_enhanced.wav,male
joy,dia733_utt8_enhanced.wav,male
joy,dia733_utt12_enhanced.wav,male
joy,dia734_utt1_enhanced.wav,female
joy,dia734_utt2_enhanced.wav,male
joy,dia735_utt3_enhanced.wav,male
joy,dia735_utt10_enhanced.wav,male
joy,dia736_utt0_enhanced.wav,male
joy,dia736_utt2_enhanced.wav,male
joy,dia736_utt3_enhanced.wav,female
joy,dia736_utt11_enhanced.wav,male
joy,dia738_utt7_enhanced.wav,male
joy,dia739_utt3_enhanced.wav,male
joy,dia739_utt4_enhanced.wav,male
joy,dia739_utt10_enhanced.wav,male
joy,dia739_utt11_enhanced.wav,male
joy,dia739_utt13_enhanced.wav,male
joy,dia739_utt14_enhanced.wav,male
joy,dia740_utt6_enhanced.wav,male
joy,dia740_utt13_enhanced.wav,male
joy,dia741_utt0_enhanced.wav,female
joy,dia741_utt2_enhanced.wav,female
joy,dia742_utt0_enhanced.wav,male
joy,dia743_utt2_enhanced.wav,male
joy,dia743_utt5_enhanced.wav,female
joy,dia747_utt6_enhanced.wav,male
joy,dia747_utt8_enhanced.wav,male
joy,dia747_utt11_enhanced.wav,male
joy,dia747_utt16_enhanced.wav,female
joy,dia748_utt0_enhanced.wav,female
joy,dia749_utt0_enhanced.wav,female
joy,dia749_utt1_enhanced.wav,female
joy,dia749_utt2_enhanced.wav,female
joy,dia749_utt5_enhanced.wav,male
joy,dia749_utt6_enhanced.wav,male
joy,dia749_utt7_enhanced.wav,male
joy,dia752_utt2_enhanced.wav,male
joy,dia752_utt4_enhanced.wav,female
joy,dia752_utt5_enhanced.wav,male
joy,dia752_utt6_enhanced.wav,female
joy,dia752_utt7_enhanced.wav,female
joy,dia752_utt9_enhanced.wav,female
joy,dia752_utt10_enhanced.wav,female
joy,dia753_utt2_enhanced.wav,male
joy,dia755_utt6_enhanced.wav,male
joy,dia755_utt7_enhanced.wav,female
joy,dia757_utt10_enhanced.wav,female
joy,dia759_utt15_enhanced.wav,male
joy,dia760_utt0_enhanced.wav,male
joy,dia761_utt1_enhanced.wav,female
joy,dia762_utt2_enhanced.wav,male
joy,dia763_utt9_enhanced.wav,female
joy,dia763_utt10_enhanced.wav,female
joy,dia764_utt0_enhanced.wav,male
joy,dia765_utt1_enhanced.wav,female
joy,dia766_utt1_enhanced.wav,female
joy,dia767_utt0_enhanced.wav,female
joy,dia767_utt5_enhanced.wav,female
joy,dia768_utt5_enhanced.wav,female
joy,dia768_utt6_enhanced.wav,male
joy,dia772_utt4_enhanced.wav,female
joy,dia772_utt5_enhanced.wav,male
joy,dia772_utt6_enhanced.wav,male
joy,dia772_utt7_enhanced.wav,male
joy,dia772_utt8_enhanced.wav,male
joy,dia772_utt9_enhanced.wav,female
joy,dia772_utt10_enhanced.wav,male
joy,dia772_utt11_enhanced.wav,female
joy,dia772_utt12_enhanced.wav,female
joy,dia772_utt13_enhanced.wav,female
joy,dia774_utt5_enhanced.wav,female
joy,dia775_utt12_enhanced.wav,male
joy,dia776_utt0_enhanced.wav,female
joy,dia776_utt1_enhanced.wav,female
joy,dia776_utt5_enhanced.wav,female
joy,dia777_utt5_enhanced.wav,female
joy,dia777_utt9_enhanced.wav,female
joy,dia777_utt10_enhanced.wav,female
joy,dia777_utt13_enhanced.wav,male
joy,dia781_utt1_enhanced.wav,female
joy,dia782_utt2_enhanced.wav,female
joy,dia782_utt3_enhanced.wav,female
joy,dia782_utt7_enhanced.wav,male
joy,dia783_utt1_enhanced.wav,female
joy,dia783_utt2_enhanced.wav,female
joy,dia783_utt3_enhanced.wav,female
joy,dia783_utt4_enhanced.wav,female
joy,dia783_utt5_enhanced.wav,female
joy,dia788_utt1_enhanced.wav,male
joy,dia789_utt0_enhanced.wav,female
joy,dia789_utt1_enhanced.wav,male
joy,dia789_utt2_enhanced.wav,female
joy,dia789_utt8_enhanced.wav,male
joy,dia791_utt0_enhanced.wav,male
joy,dia791_utt1_enhanced.wav,male
joy,dia791_utt6_enhanced.wav,male
joy,dia791_utt11_enhanced.wav,female
joy,dia791_utt17_enhanced.wav,male
joy,dia791_utt18_enhanced.wav,male
joy,dia791_utt19_enhanced.wav,female
joy,dia792_utt0_enhanced.wav,female
joy,dia792_utt1_enhanced.wav,male
joy,dia792_utt3_enhanced.wav,male
joy,dia792_utt4_enhanced.wav,female
joy,dia792_utt14_enhanced.wav,female
joy,dia792_utt19_enhanced.wav,female
joy,dia793_utt0_enhanced.wav,female
joy,dia793_utt2_enhanced.wav,male
joy,dia793_utt3_enhanced.wav,male
joy,dia793_utt4_enhanced.wav,male
joy,dia793_utt6_enhanced.wav,male
joy,dia793_utt7_enhanced.wav,female
joy,dia793_utt8_enhanced.wav,male
joy,dia793_utt9_enhanced.wav,female
joy,dia793_utt10_enhanced.wav,female
joy,dia796_utt10_enhanced.wav,male
joy,dia796_utt11_enhanced.wav,male
joy,dia796_utt13_enhanced.wav,female
joy,dia796_utt16_enhanced.wav,male
joy,dia796_utt17_enhanced.wav,male
joy,dia796_utt18_enhanced.wav,male
joy,dia797_utt8_enhanced.wav,female
joy,dia802_utt0_enhanced.wav,male
joy,dia802_utt1_enhanced.wav,male
joy,dia802_utt3_enhanced.wav,female
joy,dia803_utt3_enhanced.wav,female
joy,dia803_utt4_enhanced.wav,female
joy,dia803_utt5_enhanced.wav,female
joy,dia804_utt2_enhanced.wav,female
joy,dia805_utt0_enhanced.wav,male
joy,dia805_utt3_enhanced.wav,male
joy,dia805_utt5_enhanced.wav,male
joy,dia806_utt2_enhanced.wav,female
joy,dia806_utt3_enhanced.wav,male
joy,dia806_utt9_enhanced.wav,male
joy,dia806_utt13_enhanced.wav,male
joy,dia806_utt17_enhanced.wav,male
joy,dia808_utt6_enhanced.wav,male
joy,dia808_utt7_enhanced.wav,female
joy,dia809_utt0_enhanced.wav,male
joy,dia809_utt1_enhanced.wav,male
joy,dia809_utt2_enhanced.wav,male
joy,dia809_utt3_enhanced.wav,female
joy,dia809_utt4_enhanced.wav,female
joy,dia809_utt5_enhanced.wav,male
joy,dia809_utt6_enhanced.wav,male
joy,dia809_utt11_enhanced.wav,male
joy,dia810_utt6_enhanced.wav,female
joy,dia810_utt8_enhanced.wav,male
joy,dia810_utt9_enhanced.wav,female
joy,dia811_utt0_enhanced.wav,male
joy,dia811_utt5_enhanced.wav,male
joy,dia811_utt8_enhanced.wav,male
joy,dia811_utt10_enhanced.wav,male
joy,dia812_utt1_enhanced.wav,female
joy,dia812_utt4_enhanced.wav,male
joy,dia812_utt8_enhanced.wav,male
joy,dia812_utt9_enhanced.wav,female
joy,dia812_utt12_enhanced.wav,male
joy,dia812_utt13_enhanced.wav,female
joy,dia814_utt2_enhanced.wav,male
joy,dia814_utt4_enhanced.wav,male
joy,dia817_utt0_enhanced.wav,male
joy,dia818_utt2_enhanced.wav,female
joy,dia819_utt17_enhanced.wav,male
joy,dia819_utt18_enhanced.wav,female
joy,dia820_utt0_enhanced.wav,female
joy,dia820_utt5_enhanced.wav,male
joy,dia820_utt8_enhanced.wav,male
joy,dia820_utt9_enhanced.wav,male
joy,dia820_utt13_enhanced.wav,male
joy,dia820_utt14_enhanced.wav,male
joy,dia820_utt15_enhanced.wav,male
joy,dia820_utt20_enhanced.wav,male
joy,dia820_utt21_enhanced.wav,female
joy,dia821_utt0_enhanced.wav,female
joy,dia821_utt9_enhanced.wav,female
joy,dia821_utt10_enhanced.wav,male
joy,dia821_utt13_enhanced.wav,male
joy,dia821_utt14_enhanced.wav,male
joy,dia822_utt4_enhanced.wav,female
joy,dia823_utt2_enhanced.wav,female
joy,dia823_utt6_enhanced.wav,female
joy,dia823_utt12_enhanced.wav,female
joy,dia824_utt0_enhanced.wav,female
joy,dia824_utt1_enhanced.wav,female
joy,dia826_utt0_enhanced.wav,male
joy,dia826_utt1_enhanced.wav,male
joy,dia826_utt3_enhanced.wav,male
joy,dia827_utt1_enhanced.wav,female
joy,dia827_utt8_enhanced.wav,female
joy,dia827_utt11_enhanced.wav,female
joy,dia827_utt12_enhanced.wav,male
joy,dia827_utt14_enhanced.wav,female
joy,dia828_utt1_enhanced.wav,female
joy,dia829_utt1_enhanced.wav,female
joy,dia830_utt0_enhanced.wav,female
joy,dia830_utt1_enhanced.wav,male
joy,dia830_utt3_enhanced.wav,male
joy,dia830_utt4_enhanced.wav,male
joy,dia830_utt5_enhanced.wav,female
joy,dia831_utt7_enhanced.wav,female
joy,dia832_utt9_enhanced.wav,male
joy,dia832_utt10_enhanced.wav,male
joy,dia832_utt13_enhanced.wav,male
joy,dia832_utt15_enhanced.wav,male
joy,dia833_utt0_enhanced.wav,female
joy,dia834_utt5_enhanced.wav,female
joy,dia836_utt12_enhanced.wav,female
joy,dia837_utt1_enhanced.wav,female
joy,dia837_utt2_enhanced.wav,female
joy,dia839_utt4_enhanced.wav,female
joy,dia840_utt0_enhanced.wav,female
joy,dia840_utt1_enhanced.wav,female
joy,dia840_utt7_enhanced.wav,female
joy,dia841_utt12_enhanced.wav,female
joy,dia841_utt21_enhanced.wav,female
joy,dia842_utt10_enhanced.wav,female
joy,dia844_utt8_enhanced.wav,male
joy,dia844_utt9_enhanced.wav,male
joy,dia844_utt10_enhanced.wav,male
joy,dia844_utt12_enhanced.wav,male
joy,dia844_utt15_enhanced.wav,male
joy,dia845_utt1_enhanced.wav,male
joy,dia845_utt3_enhanced.wav,male
joy,dia845_utt5_enhanced.wav,male
joy,dia845_utt9_enhanced.wav,male
joy,dia845_utt10_enhanced.wav,male
joy,dia845_utt11_enhanced.wav,male
joy,dia847_utt0_enhanced.wav,male
joy,dia847_utt1_enhanced.wav,male
joy,dia847_utt2_enhanced.wav,male
joy,dia847_utt3_enhanced.wav,male
joy,dia847_utt4_enhanced.wav,female
joy,dia847_utt5_enhanced.wav,male
joy,dia849_utt0_enhanced.wav,male
joy,dia849_utt1_enhanced.wav,male
joy,dia849_utt2_enhanced.wav,male
joy,dia849_utt4_enhanced.wav,male
joy,dia849_utt5_enhanced.wav,male
joy,dia849_utt6_enhanced.wav,male
joy,dia849_utt11_enhanced.wav,female
joy,dia850_utt0_enhanced.wav,female
joy,dia850_utt6_enhanced.wav,female
joy,dia851_utt5_enhanced.wav,male
joy,dia851_utt10_enhanced.wav,male
joy,dia851_utt13_enhanced.wav,male
joy,dia851_utt18_enhanced.wav,male
joy,dia853_utt5_enhanced.wav,female
joy,dia853_utt13_enhanced.wav,male
joy,dia855_utt0_enhanced.wav,male
joy,dia855_utt3_enhanced.wav,male
joy,dia855_utt4_enhanced.wav,male
joy,dia856_utt4_enhanced.wav,male
joy,dia857_utt11_enhanced.wav,female
joy,dia858_utt4_enhanced.wav,male
joy,dia860_utt14_enhanced.wav,male
joy,dia861_utt15_enhanced.wav,male
joy,dia861_utt16_enhanced.wav,male
joy,dia861_utt17_enhanced.wav,male
joy,dia863_utt4_enhanced.wav,male
joy,dia864_utt3_enhanced.wav,male
joy,dia865_utt5_enhanced.wav,female
joy,dia866_utt2_enhanced.wav,female
joy,dia866_utt7_enhanced.wav,female
joy,dia866_utt8_enhanced.wav,male
joy,dia867_utt5_enhanced.wav,male
joy,dia869_utt14_enhanced.wav,male
joy,dia872_utt2_enhanced.wav,female
joy,dia873_utt2_enhanced.wav,male
joy,dia875_utt1_enhanced.wav,male
joy,dia875_utt7_enhanced.wav,male
joy,dia877_utt0_enhanced.wav,female
joy,dia877_utt2_enhanced.wav,female
joy,dia877_utt3_enhanced.wav,male
joy,dia877_utt4_enhanced.wav,female
joy,dia878_utt0_enhanced.wav,male
joy,dia880_utt2_enhanced.wav,male
joy,dia881_utt0_enhanced.wav,male
joy,dia884_utt1_enhanced.wav,male
joy,dia884_utt2_enhanced.wav,female
joy,dia885_utt0_enhanced.wav,male
joy,dia886_utt0_enhanced.wav,female
joy,dia886_utt1_enhanced.wav,male
joy,dia886_utt5_enhanced.wav,female
joy,dia886_utt7_enhanced.wav,female
joy,dia886_utt8_enhanced.wav,male
joy,dia886_utt9_enhanced.wav,female
joy,dia886_utt10_enhanced.wav,female
joy,dia886_utt11_enhanced.wav,female
joy,dia886_utt17_enhanced.wav,female
joy,dia888_utt6_enhanced.wav,female
joy,dia888_utt14_enhanced.wav,male
joy,dia888_utt16_enhanced.wav,male
joy,dia888_utt18_enhanced.wav,male
joy,dia888_utt19_enhanced.wav,male
joy,dia891_utt0_enhanced.wav,female
joy,dia891_utt5_enhanced.wav,male
joy,dia891_utt6_enhanced.wav,female
joy,dia892_utt14_enhanced.wav,female
joy,dia892_utt15_enhanced.wav,female
joy,dia893_utt3_enhanced.wav,male
joy,dia893_utt4_enhanced.wav,male
joy,dia893_utt10_enhanced.wav,male
joy,dia893_utt12_enhanced.wav,male
joy,dia893_utt13_enhanced.wav,male
joy,dia893_utt14_enhanced.wav,male
joy,dia893_utt15_enhanced.wav,male
joy,dia893_utt16_enhanced.wav,female
joy,dia893_utt17_enhanced.wav,male
joy,dia894_utt0_enhanced.wav,female
joy,dia897_utt7_enhanced.wav,female
joy,dia898_utt0_enhanced.wav,male
joy,dia898_utt1_enhanced.wav,male
joy,dia898_utt2_enhanced.wav,male
joy,dia900_utt4_enhanced.wav,female
joy,dia900_utt7_enhanced.wav,male
joy,dia900_utt8_enhanced.wav,female
joy,dia900_utt11_enhanced.wav,female
joy,dia902_utt2_enhanced.wav,male
joy,dia902_utt9_enhanced.wav,female
joy,dia902_utt10_enhanced.wav,male
joy,dia902_utt11_enhanced.wav,female
joy,dia902_utt12_enhanced.wav,female
joy,dia902_utt13_enhanced.wav,male
joy,dia902_utt14_enhanced.wav,male
joy,dia902_utt16_enhanced.wav,female
joy,dia903_utt1_enhanced.wav,male
joy,dia904_utt5_enhanced.wav,female
joy,dia904_utt6_enhanced.wav,female
joy,dia905_utt4_enhanced.wav,male
joy,dia905_utt8_enhanced.wav,male
joy,dia905_utt11_enhanced.wav,female
joy,dia905_utt12_enhanced.wav,female
joy,dia905_utt13_enhanced.wav,female
joy,dia905_utt14_enhanced.wav,female
joy,dia905_utt16_enhanced.wav,male
joy,dia908_utt12_enhanced.wav,male
joy,dia909_utt0_enhanced.wav,female
joy,dia910_utt2_enhanced.wav,female
joy,dia910_utt5_enhanced.wav,male
joy,dia910_utt6_enhanced.wav,male
joy,dia910_utt7_enhanced.wav,female
joy,dia910_utt8_enhanced.wav,male
joy,dia910_utt12_enhanced.wav,female
joy,dia910_utt13_enhanced.wav,male
joy,dia910_utt14_enhanced.wav,male
joy,dia911_utt0_enhanced.wav,male
joy,dia913_utt8_enhanced.wav,male
joy,dia913_utt11_enhanced.wav,male
joy,dia913_utt12_enhanced.wav,male
joy,dia914_utt0_enhanced.wav,female
joy,dia916_utt0_enhanced.wav,male
joy,dia916_utt2_enhanced.wav,male
joy,dia916_utt3_enhanced.wav,male
joy,dia916_utt6_enhanced.wav,male
joy,dia916_utt10_enhanced.wav,male
joy,dia917_utt1_enhanced.wav,male
joy,dia917_utt2_enhanced.wav,male
joy,dia917_utt5_enhanced.wav,male
joy,dia922_utt0_enhanced.wav,male
joy,dia923_utt3_enhanced.wav,male
joy,dia923_utt8_enhanced.wav,female
joy,dia923_utt13_enhanced.wav,male
joy,dia924_utt0_enhanced.wav,female
joy,dia924_utt1_enhanced.wav,male
joy,dia925_utt5_enhanced.wav,male
joy,dia925_utt7_enhanced.wav,male
joy,dia926_utt10_enhanced.wav,male
joy,dia926_utt13_enhanced.wav,male
joy,dia926_utt14_enhanced.wav,female
joy,dia928_utt3_enhanced.wav,male
joy,dia929_utt0_enhanced.wav,male
joy,dia930_utt0_enhanced.wav,female
joy,dia930_utt9_enhanced.wav,male
joy,dia931_utt0_enhanced.wav,male
joy,dia932_utt0_enhanced.wav,female
joy,dia932_utt2_enhanced.wav,female
joy,dia932_utt3_enhanced.wav,female
joy,dia932_utt12_enhanced.wav,female
joy,dia933_utt0_enhanced.wav,male
joy,dia933_utt1_enhanced.wav,male
joy,dia933_utt4_enhanced.wav,male
joy,dia935_utt9_enhanced.wav,female
joy,dia935_utt10_enhanced.wav,female
joy,dia935_utt12_enhanced.wav,male
joy,dia936_utt21_enhanced.wav,male
joy,dia938_utt3_enhanced.wav,male
joy,dia938_utt4_enhanced.wav,male
joy,dia939_utt5_enhanced.wav,female
joy,dia939_utt7_enhanced.wav,female
joy,dia939_utt14_enhanced.wav,female
joy,dia939_utt17_enhanced.wav,female
joy,dia940_utt2_enhanced.wav,female
joy,dia940_utt6_enhanced.wav,female
joy,dia941_utt13_enhanced.wav,male
joy,dia941_utt14_enhanced.wav,female
joy,dia945_utt3_enhanced.wav,female
joy,dia945_utt10_enhanced.wav,female
joy,dia945_utt11_enhanced.wav,female
joy,dia945_utt13_enhanced.wav,female
joy,dia946_utt6_enhanced.wav,female
joy,dia946_utt8_enhanced.wav,female
joy,dia946_utt12_enhanced.wav,male
joy,dia946_utt14_enhanced.wav,male
joy,dia946_utt15_enhanced.wav,female
joy,dia947_utt3_enhanced.wav,male
joy,dia947_utt5_enhanced.wav,female
joy,dia947_utt7_enhanced.wav,male
joy,dia947_utt15_enhanced.wav,female
joy,dia948_utt3_enhanced.wav,female
joy,dia948_utt5_enhanced.wav,female
joy,dia948_utt6_enhanced.wav,female
joy,dia948_utt7_enhanced.wav,female
joy,dia948_utt8_enhanced.wav,female
joy,dia948_utt9_enhanced.wav,female
joy,dia948_utt10_enhanced.wav,female
joy,dia949_utt2_enhanced.wav,male
joy,dia949_utt3_enhanced.wav,male
joy,dia949_utt10_enhanced.wav,female
joy,dia950_utt6_enhanced.wav,female
joy,dia950_utt8_enhanced.wav,female
joy,dia950_utt9_enhanced.wav,female
joy,dia950_utt10_enhanced.wav,male
joy,dia950_utt11_enhanced.wav,male
joy,dia950_utt12_enhanced.wav,male
joy,dia950_utt13_enhanced.wav,male
joy,dia950_utt14_enhanced.wav,male
joy,dia950_utt15_enhanced.wav,male
joy,dia952_utt2_enhanced.wav,male
joy,dia954_utt0_enhanced.wav,male
joy,dia959_utt4_enhanced.wav,male
joy,dia959_utt9_enhanced.wav,male
joy,dia962_utt0_enhanced.wav,male
joy,dia962_utt2_enhanced.wav,female
joy,dia962_utt3_enhanced.wav,female
joy,dia962_utt4_enhanced.wav,female
joy,dia964_utt1_enhanced.wav,female
joy,dia964_utt2_enhanced.wav,male
joy,dia965_utt2_enhanced.wav,male
joy,dia965_utt3_enhanced.wav,female
joy,dia966_utt0_enhanced.wav,male
joy,dia967_utt4_enhanced.wav,female
joy,dia967_utt6_enhanced.wav,female
joy,dia967_utt7_enhanced.wav,female
joy,dia968_utt7_enhanced.wav,male
joy,dia969_utt3_enhanced.wav,male
joy,dia969_utt5_enhanced.wav,male
joy,dia972_utt2_enhanced.wav,male
joy,dia972_utt6_enhanced.wav,male
joy,dia972_utt8_enhanced.wav,female
joy,dia972_utt9_enhanced.wav,male
joy,dia973_utt4_enhanced.wav,female
joy,dia973_utt12_enhanced.wav,female
joy,dia973_utt16_enhanced.wav,female
joy,dia975_utt3_enhanced.wav,female
joy,dia976_utt0_enhanced.wav,female
joy,dia977_utt5_enhanced.wav,male
joy,dia977_utt13_enhanced.wav,female
joy,dia978_utt1_enhanced.wav,female
joy,dia978_utt3_enhanced.wav,female
joy,dia978_utt4_enhanced.wav,female
joy,dia978_utt10_enhanced.wav,male
joy,dia979_utt1_enhanced.wav,male
joy,dia979_utt2_enhanced.wav,male
joy,dia979_utt4_enhanced.wav,male
joy,dia982_utt3_enhanced.wav,male
joy,dia982_utt10_enhanced.wav,male
joy,dia984_utt0_enhanced.wav,male
joy,dia984_utt5_enhanced.wav,male
joy,dia986_utt2_enhanced.wav,female
joy,dia986_utt4_enhanced.wav,female
joy,dia986_utt16_enhanced.wav,male
joy,dia990_utt16_enhanced.wav,male
joy,dia991_utt11_enhanced.wav,female
joy,dia991_utt13_enhanced.wav,female
joy,dia991_utt14_enhanced.wav,female
joy,dia992_utt3_enhanced.wav,female
joy,dia993_utt0_enhanced.wav,male
joy,dia993_utt1_enhanced.wav,male
joy,dia996_utt2_enhanced.wav,male
joy,dia997_utt2_enhanced.wav,female
joy,dia1001_utt3_enhanced.wav,female
joy,dia1001_utt5_enhanced.wav,female
joy,dia1001_utt6_enhanced.wav,female
joy,dia1001_utt7_enhanced.wav,female
joy,dia1001_utt10_enhanced.wav,male
joy,dia1002_utt1_enhanced.wav,male
joy,dia1002_utt2_enhanced.wav,male
joy,dia1002_utt4_enhanced.wav,male
joy,dia1002_utt5_enhanced.wav,female
joy,dia1003_utt6_enhanced.wav,male
joy,dia1004_utt1_enhanced.wav,female
joy,dia1005_utt1_enhanced.wav,female
joy,dia1005_utt2_enhanced.wav,male
joy,dia1005_utt10_enhanced.wav,female
joy,dia1005_utt18_enhanced.wav,female
joy,dia1006_utt1_enhanced.wav,female
joy,dia1007_utt4_enhanced.wav,male
joy,dia1008_utt2_enhanced.wav,female
joy,dia1009_utt2_enhanced.wav,female
joy,dia1009_utt6_enhanced.wav,female
joy,dia1009_utt10_enhanced.wav,female
joy,dia1009_utt11_enhanced.wav,female
joy,dia1009_utt16_enhanced.wav,female
joy,dia1009_utt17_enhanced.wav,female
joy,dia1010_utt2_enhanced.wav,male
joy,dia1010_utt7_enhanced.wav,female
joy,dia1010_utt11_enhanced.wav,male
joy,dia1011_utt2_enhanced.wav,male
joy,dia1012_utt2_enhanced.wav,male
joy,dia1012_utt3_enhanced.wav,female
joy,dia1012_utt4_enhanced.wav,male
joy,dia1012_utt11_enhanced.wav,male
joy,dia1015_utt2_enhanced.wav,male
joy,dia1015_utt6_enhanced.wav,male
joy,dia1016_utt4_enhanced.wav,female
joy,dia1016_utt7_enhanced.wav,female
joy,dia1016_utt10_enhanced.wav,female
joy,dia1016_utt12_enhanced.wav,male
joy,dia1017_utt10_enhanced.wav,female
joy,dia1017_utt11_enhanced.wav,female
joy,dia1017_utt13_enhanced.wav,female
joy,dia1018_utt0_enhanced.wav,male
joy,dia1020_utt1_enhanced.wav,female
joy,dia1022_utt3_enhanced.wav,male
joy,dia1022_utt5_enhanced.wav,male
joy,dia1022_utt9_enhanced.wav,male
joy,dia1022_utt17_enhanced.wav,male
joy,dia1023_utt0_enhanced.wav,male
joy,dia1024_utt0_enhanced.wav,male
joy,dia1024_utt1_enhanced.wav,female
joy,dia1024_utt4_enhanced.wav,male
joy,dia1024_utt11_enhanced.wav,male
joy,dia1024_utt13_enhanced.wav,male
joy,dia1025_utt13_enhanced.wav,male
joy,dia1026_utt0_enhanced.wav,female
joy,dia1026_utt1_enhanced.wav,male
joy,dia1026_utt2_enhanced.wav,female
joy,dia1026_utt7_enhanced.wav,male
joy,dia1026_utt8_enhanced.wav,female
joy,dia1026_utt10_enhanced.wav,female
joy,dia1027_utt4_enhanced.wav,female
joy,dia1028_utt5_enhanced.wav,female
joy,dia1029_utt2_enhanced.wav,female
joy,dia1029_utt4_enhanced.wav,female
joy,dia1029_utt6_enhanced.wav,female
joy,dia1029_utt7_enhanced.wav,female
joy,dia1029_utt14_enhanced.wav,female
joy,dia1031_utt2_enhanced.wav,male
joy,dia1031_utt3_enhanced.wav,male
joy,dia1032_utt7_enhanced.wav,male
joy,dia1033_utt2_enhanced.wav,male
joy,dia1034_utt1_enhanced.wav,female
joy,dia1035_utt6_enhanced.wav,male
joy,dia1036_utt0_enhanced.wav,male
joy,dia1038_utt1_enhanced.wav,female
joy,dia1038_utt17_enhanced.wav,male
